뉴스제목,주가변동
[유럽개장] 약보합 출발…英 FTSE 0.17%↓,0
"[마감시황]코스피, 대형주 쏠림 부담에 0.1% 하락",0
[유럽개장] 장 초반 혼조세···英 FTSE 0.07%↑,0
[유럽개장] 장 초반 혼조세…獨 DAX지수 0.25%↑,0
"공매도는 `새발의 피`…""더 센게 온다"" [증시전망대]",0
[Asia마감]바이든 효과...최고점 찍은 증시,0
[유럽개장]장 초반 상승세…英 FTSE 0.24%↑,0
[유럽개장] 장초반 오름세...英FTSE 0.54%↑,0
[유럽개장] 장 초반 혼조세…英 FTSE 0.03%↓,0
[마켓뷰] 기업 실적 호조에도 외국인 1조 '팔자'...코스피 3069.05 마감,0
"[외환마감]외국인 사흘째 증시 순매수..환율, 하루 만에 하락",0
"""억눌린 심리 풀렸다"" 일본증시 급등 [Asia마감]",0
[마켓뷰] 코스피 3100선 아래 하락 마감…현대차그룹 급락 등 영향,0
[유럽개장]장 초반 상승세…英FTSE 0.63%↑,0
[유럽개장] 장 초반 약세…佛·獨 동반 하락,0
3만은 부담스럽나? 사흘째 떨어진 日 [Asia마감],0
[시황종합] 하루만에 또 3100선 내준 코스피…외인+기관 '팔자',0
[유럽개장] 일제히 강보합… 英 0.85%↑,0
[유럽개장]상승출발…英 FTSE 0.29%↑,0
[유럽개장] 일제히 강보합…英 0.86%↑,0
[유럽개장] 일제히 하락세…英 FTSE 0.74%↓,0
블랙아웃 `돌입`…국채금리發 변동성 최대 `고비` [증시전망대],0
"[마켓뷰] 코스피, 다시 3000 아래로…금리 우려는 여전",0
[유럽개장] 장 초반 혼조세…英 FTSE 0.01%↑,0
다시 고개드는 위기설…인플레 공포 `엄습` [증시전망대],0
[유럽개장] 장초반 오름세..英 0.62%↑,0
"[마켓뷰] 코스피, 美증시 훈풍에 상승 마감…SK바사 시총 12.9조로 28위",0
연준 인플레 통제능력 의심 `점증`…약발 `끝` [증시전망대],0
[유럽개장]장 초반 하락세…英FTSE 0.44%↓,0
[유럽개장]장 초반 하락세…英 FTSE 0.66%↓,0
금리불안은 빙산의 일각…복합 악재 `대기` [증시전망대],0
[유럽개장]일제히 상승 출발…英 0.58%↑,0
[유럽개장]일제히 상승 출발…英 0.33%↑,0
[유럽개장] 혼조세 출발… 佛 0.07%↑,0
[유럽개장] 장 초반 일제히 상승세…英 FTSE 0.56%↑,0
호실적에 인플레 우려 걷어낸 `미국증시`…코스피 훈풍될까? [증시전망대],0
[클릭! 해외증시 이 종목] 車판매 호조에 日 아이신 '훨훨',0
[유럽개장] 상승세 출발…英 0.14%↑,0
[클릭! 해외증시 이 종목] MS가 품는 뉘앙스커뮤니케이션즈 주가 '쑥',0
[유럽개장] 장초반 강보합…英FTSE 0.34%↑,0
[마켓뷰] 코스피 하락 마감...공매도 앞두고 관망 심리 강해져,0
"""결전의 날이 왔다""...공매도 재개 `촉각` [증시전망대]",0
[외환마감]美고용충격 달러 약세에 코스피 상승..1110원대 하락,0
[클릭! 해외증시 이 종목] 드라이브 스루 확대에 맥도널드 '함박웃음',0
[Asia마감] 높아진 인플레 우려…일본·대만 급락,0
[유럽개장] 일제히 상승 출발…英 0.77% ↑,0
[유럽개장] 상승 출발…英 FTSE 0.50%↑,0
[유럽개장]장 초반 보합 출발…英FTSE 0.63%↓,0
[클릭! 해외증시 이 종목] 美 '아날로그 디바이시스' 4일간 11% 상승,0
[유럽개장]장 초반 일제히 상승…英 FTSE 0.14% ↑,0
[클릭! 해외증시 이 종목] 美 핀테크기업 인튜이트 올해 주가 18% '쑥',0
"[마켓뷰] 코스피, 외국인·기관 동반 매수세에 0.72% 상승···사상 최고치 근접",0
[유럽개장] 약보합 개장…獨 DAX 0.31%↓,0
[클릭! 해외증시 이 종목] 美 인프라투자에 유나이티드렌탈 '방긋',0
[Asia마감] 미국 FOMC 경계감에 하락,0
[유럽개장]장 초반 하락세…英 0.44%↓,0
[유럽개장]주요국 증시 장 초반 혼조…英 0.06%↑·獨 0.2%↓,0
[유럽개장] 주요국 증시 약세…英 0.43%↓,0
[유럽개장] 주요국 일제히 하락…英 0.91% ↓,0
[유럽개장]일제히 상승세...英FTSE 0.97%↑,0
[유럽개장] 장 초반 하락세…英 0.10% ↓,0
[유럽개장] 상승 출발…英FTSE 0.47%↑,0
[유럽개장] 장 초반 하락세…英FTSE 1.26%↓,0
"美 국채금리 하락, 펀더멘털 약화 탓 아니다[독점 UBS리포트]",0
[유럽개장] 주요국 증시 약세…英 0.02%↓,0
[유럽개장] 주요 증시 상승세…英 0.42%↑,0
"""美 10년물 금리, 올해 말 2%까지 상승 전망"" [독점 UBS리포트]",0
[클릭! 해외증시 이 종목] 코로나 재확산에 '미국판 배민' 도어대시 반등,0
[Asia마감]中 규제 우려에 기술주 약세…홍콩 1%대 하락,0
[유럽개장]장 초반 상승세…英 0.56%↑,0
[유럽개장] 주요증시 장 초반 상승세…英 0.32%↑,0
[마켓뷰] 코스피 3270선 하락 마감... 개인 나홀로 매도,0
"[마켓뷰] 코스피, 간신히 3270선 지켜…카뱅은 상한가 마감",0
"[마켓뷰] 코스피, 미국 ‘고용 서프라이즈’ 영향에 하락···카뱅, 개인 매수세에 시총 10위 등극",0
[유럽개장] 장 초반 보합세…英 0.11%↓,0
[유럽개장] 장 초반 보합 출발…獨 -0.03%↓,0
[유럽개장]장 초반 혼조…英 0.26%↓·獨 0.02%↑,0
"[마켓뷰] 코스피, 3200선 깨졌다…삼성전자 3% 넘게 밀려",0
"[마켓뷰] 코스피, 9거래일 만에 상승 마감…SK하이닉스 반등 영향",0
[유럽개장]장 초반 하락세…英 FTSE 1.78%↓,0
[마켓뷰] 코스피 소폭 상승 마감···잭슨홀 미팅 앞두고 관망세,0
[유럽개장] 美 테이퍼링 주목 속 장초반 하락세,0
[유럽개장] 장 초반 일제히 상승세 출발…佛 1.29%↑,0
[유럽개장] 장 초반 상승 출발…英FTSE 0.45%↑,0
[유럽개장]델타 변이 우려…장 초반 약보합,0
"[마켓뷰] 코스피, 0.77% 하락 마감…대형 인터넷 플랫폼 규제에 투심 악화",0
[유럽개장] 장초반 혼조세…英獨 상승·佛하락,0
[Asia마감] 헝다 파산 우려 속 中 '강보합',0
[유럽개장] 장초반 오름세…獨佛 1%대 상승,0
[마켓뷰] 코스피 소폭 상승 마감…외인 장중 순매수 확대,0
[유럽개장]주요국 증시 장 초반 약세…英·佛↓,0
[코스닥 마감]돌아온 '기관'에…나흘만의 강세,0
[유럽개장]장초반 주요 증시 하락세,0
[유럽개장] 동반 상승세…英 0.55%↑,0
[유럽개장] 동반 상승세로 출발…英 0.80%↑,0
[유럽개장]장 초반 일제히 하락세…英 0.03% ↓,0
[유럽개장] 장 초반 상승세…英 0.33%↑,0
"[유럽개장] 혼조세 출발… 영국 ↓, 프랑스 ↑",0
[유럽개장]장 초반 혼조…英 0.18%↓·獨 0.05%↑,0
"[클릭! 해외증시 이 종목] 넷플릭스, 새 제작사 인수…후속작 기대",0
[마켓뷰] 코스피 외국인·기관 매도에 3020선…코스닥 게임·엔터주 강세,0
"[마켓뷰] 코스피, 3000선 지키며 하락 마감…외국인·기관 동반 매도세",0
[유럽개장] 장 초반 혼조세…英 0.23%↓,0
"[유럽개장] 美 FOMC 결과 소화, 英 지수 0.20%↑",0
[유럽개장]장 초반 주요 증시 상승세…英 0.26%↑,0
[클릭! 해외증시 이 종목] '위드코로나'에 에어비앤비 사상최대 매출,0
"[마켓뷰] 코스피, 美·中 인플레이션 우려에 1% 넘게 하락",0
[유럽개장]상승세 출발…영국 FTSE100 지수 0.03%↑,0
[유럽개장]장 초반 일제히 상승세…英 0.11%↑,0
[유럽개장]장초반 보합권…英 0.25%↓,0
[유럽개장]장 초반 상승세…英 0.25%↑,0
[유럽개장]코로나 재확산 우려…유로스톡스50 1.13% ↓,0
[유럽개장] 장 초반 일제히 상승세…英 0.5% ↑,0
[유럽개장] 장 초반 일제히 상승세…英 0.08%↑,0
[유럽개장]'신종 변이' 출현에 일제히 하락세…유로스톡스 4.15%↓,0
[유럽개장] 장 초반 일제히 상승세…英 0.99%↑,0
[유럽개장]상승세 출발…英 0.20%↑,0
"[마켓뷰] 코스피, 3010선 마감…12월 첫 하락",0
"[Asia마감] 미국발 훈풍에 日증시↑, 중국에선 부양책 기대",0
[유럽개장] 장 초반 대부분 하락세…유로스톡스50 0.32%↓,0
"[마켓뷰] 코스피, 기관·외인 매수세에 3010선…산타 랠리 기대감",0
[유럽개장] 장 초반 일제히 상승세…독일 DAX 0.35%↑,0
[유럽개장] 장 초반 보합…佛 0.15%↑,0
[유럽개장] 장 초반 혼조…獨↑·英↓,0
[유럽개장] 연초 상승랠리 지속…유로스톡스50 0.43%↑,0
[유럽개장] 연초 상승랠리 이어가…英 FTSE 0.27% ↑,0
[유럽개장] 장 초반 보합…英 FTSE 0.09% ↑,0
[유럽개장] 일제히 강보합세 출발…독일 DAX 0.63%↑,0
[마켓뷰] 코스피 2960선 하락 마감…기관 매도 영향,0
[유럽개장]일제히 하락 출발…英 FTSE 0.13%↓,0
[마켓뷰]  한달여만에 2900선 깨진 코스피…LG엔솔 공모도 악재된 듯,0
"[마켓뷰] LG엔솔 청약 첫날, 유가증권시장 시총 상위주 ‘우수수’",0
[유럽개장] 장초반 대체로 상승세…英 FTSE 0.28%↑,0
[유럽개장] 장 초반 일제히 하락…英 0.90%↓,0
[마켓뷰] ‘검은 월요일’…1년 1개월만에 2800선 붕괴된 코스피,0
[마켓뷰] 외인·기관 패닉셀 시작됐나... 시총 상위 100개 종목중 98개 파란불,0
[유럽개장]장초반 상승세…英 FTSE 1.22%↑,0
[유럽개장]상승세 출발…英 0.83%↑,0
"[마켓뷰] 코스피, 3거래일 연속 반등 …2771.93에 강보합 마감",0
[유럽개장] 장 초반 약보합세…유로스탁스50 0.86% ↓,0
[마켓뷰] 코스피·코스닥 나란히 급락…러·우크라 전쟁 우려에 개인 ‘공포 매물’ 쏟아져,0
"[시황종합] 코스피, 우크라이나 긴장에 '요동'…개인 1조원 순매도",0
[마켓뷰] 코스피 강보합 마감…우크라 긴장 완화에 투자 심리 개선,0
[유럽개장] 일제히 강보합… DAX 0.76% ↑,0
"[마켓뷰] 코스피, 사흘만에 반등…개인·기관 순매수",0
[유럽개장]'우크라 사태' 여파…장 초반 일제히 하락,0
"[Asia마감] ""서비스업 지수 왜 이래"" 中증시 삐걱",0
[유럽개장] 일제히 하락세…佛 CAC 1.66%↓,0
[유럽개장] 일제히 급락…英 FTSE 2.08% ↓,0
[유럽개장]장 초반 일제히 하락세…獨 1% 이상 ↓,0
[유럽개장] 혼조세 출발,0
[유럽개장] 상승세 출발…독일 DAX 지수 1.71%↑,0
[유럽개장] 장 초반 일제히 하락세…獨 0.40%↓,0
[유럽개장] 장 초반 상승세…英 0.33% ↑,0
[유럽개장]장 초반 주요 증시 상승세…英 0.22%↑,0
"[마켓뷰] 코스피, 개인 매수에 강보합 마감",0
[유럽증시]러-우 협상 회의론에 하락세…獨 0.24%↓,0
"[마켓뷰] 코스피 0.66% 상승···美 긴축속도조절 시사, 사회적 거리두기 완화 영향",0
"""中 코로나 심상찮네"" 관망 속 반도체가 日증시 견인[Asia 마감]",0
"美 긴축 소식에 얼어붙은 日·中…""팔게요"" 매물 쌓였다[Asia 마감]",0
[유럽개장]장초반 상승세…독일 DAX 1.52%↑,0
"[마켓뷰] 코스피, 외국인 매도에 2700선 다시 붕괴··· 코스닥도 동반 하락",0
"[마켓뷰]코스피, 2700선 회복…기관 강한 매수세",0
[마켓뷰] 코스피 상승 마감…개인·기관 동반 매수,0
"[마켓뷰]코스피, 3거래일만에 2700선 붕괴…외국인·기관 동반 매도",0
[Asia마감] '시진핑 봉쇄 옹호'에 상하이종합지수 2.26%↓,0
[마켓뷰] 코스피·코스닥 나란히 하락…美·유럽 ‘매파 발언’에 우리 증시 ‘휘청’,0
[유럽개장]장 초반 상승세…독일 DAX 1.11%↑,0
"""이러다 망할라, 규제 풀겠다""…시진핑 한마디에 中증시 날았다[Asia마감]",0
[Asia마감] 美금리결정·연휴 앞두고…닛케이 0.11%↓,0
[Asia마감] FOMC 회의 앞두고 관망세…항셍 1.14%↓,0
[마켓뷰] 코스피·코스닥 1% 이상 하락…나스닥 ‘5% 폭락’ 영향,0
"[마켓뷰] 코스피, 1%넘게 하락…17개월來 최저",0
[유럽개장]장 초반 일제히 상승세…독일 DAX 1.23%↑,0
"[마켓뷰] 코스피, 美 CPI 발표 앞두고 하락 마감…외인·기관 ‘팔자’",0
[마켓뷰] 코스피 2% 넘게 급등…나흘 만에 2600선 회복,0
"[Asia마감]日, 4거래일 연속 상승…中은 '차익 실현'",0
[Asia마감]1% 넘게 빠진 항셍…中은 바이든 발언 효과 반등,0
봉쇄해제 기대·돌아온 외국인에…상하이 1.19%↑ [Asia마감],0
"[마켓뷰] 돌아온 외국인,  2개월만에 1조 넘게 매수...코스피는 2680선 회복",0
[Asia마감]새해 첫 거래일…희비 엇갈린 日·中,1
[유럽개장] 일제히 상승… 영국 FTSE 0.91% ↑,1
[마켓뷰] 코스피 종가 3000 돌파…'차화전 랠리'가 상승 이끌어,1
[유럽개장]상승 출발…獨 DAX 0.9% ↑,1
"""시간은 우리편이다"" 中 증시의 급등[Asia마감]",1
[Asia마감]바이든 취임 앞두고 신중한 시장,1
[유럽개장]상승 출발…英FTSE 0.6%↑,1
"[Asia마감]日증시, 단기 과열 경계감 속 차익 실현",1
[Asia마감]아시아도 봉쇄 확산...증시 하락세,1
[Asia마감] 게임스탑발 변동성 확대…일제히 하락,1
[Asia마감] 저가 매수 유입에 일제히 상승…닛케이 1.55%↑,1
"시장혼란 진정, 中의 유동성 공급 [Asia마감]",1
[유럽개장] 장 초반 일제히 상승세,1
[유럽개장] 혼조세 출발…英 0.03% 상승출발,1
[유럽개장]장 초반 상승세…英 0.55%↑,1
"[외환마감]환율, 1100원대 초반대 하락..3주만에 최저치",1
[Asia마감]다시 美국채금리 관심…日증시 주춤,1
[유럽개장] 장 초반 혼조세…英 0.62%↓,1
"""J·J쇼는 끝났다""…선택의 기로 [증시전망대]",1
[유럽개장] 장 초반 강보합…英 FTSE 0.33%↑,1
[Asia마감]불안감은 계속… 中에선 '긴축' 변수,1
[유럽개장] 장 초반 상승세…英 FTSE 0.41%↑,1
[유럽개장] 장초반 일제히 상승…英 0.49%↑,1
[유럽개장] 장 초반 하락세…英 0.42%↓,1
[Asia마감]커지는 코로나 재확산세…주요 증시 급락,1
"[마켓뷰] 코스피, 연기금 2288억원 순매도에도 소폭 상승...경기 개선 기대감 확산",1
[유럽개장] 보합 출발…英 FTSE 0.15% 하락,1
[마켓뷰] 외국인 선물 대량 매도에 3060선 하락한 코스피,1
[마켓뷰] 외국인 매수에 코스피 3080선 돌파…24거래일만에 최고치,1
30여년만의 증세…달갑잖은 주식시장 [증시전망대],1
"[마켓뷰] 코스피, 실적 발표 앞두고 소폭 상승…연기금은 14일 연속 순매도",1
[유럽개장] 장 초반 일제히 상승세…英 FTSE 1.08%↑,1
[Asia마감] 경제회복 기대감과 경계감 사이,1
[유럽개장] 일제히 하락세…英 FTSE 0.59%↓,1
"[클릭! 해외증시 이 종목] 서비스나우, 디지털 전환 본격화에 15% 반등",1
[유럽개장] 강보합세 출발…英 FTSE 0.23%↑,1
[마켓뷰] 코스피 강보합 마감...외국인은 순매도 전환,1
[김현석의 월스트리트나우] SPAC 이어 비트코인까지…투기자산 약세는 위험신호?,1
[Asia마감]美 '중국 견제' 법안에 中증시 하락세,1
"3,200선 `깔딱고개`…증시 분수령 [증시전망대]",1
[유럽개장] 장초반 소폭 상승…獨 0.68% ↑,1
[Asia마감]中·日 휴장 속 혼조…홍콩↑·대만↓,1
"[Asia마감] 日증시, 美 영향으로 상승…중국도 경기회복 조짐",1
주도株 전환 태세…힘 실리는 경기민감주 [증시전망대],1
"[마켓뷰] 코스피, 외인 매도에 1% 넘게 하락···삼성전자 시총 9조원 증발",1
[유럽개장]장초반 소폭 하락…英 0.33%↓,1
"[유럽개장]상승세…스톡스600, 0.20%↑",1
"[마켓뷰] 코스피, 3140선 마감…사흘째 하락",1
"[유럽개장] 혼조세 출발… 佛 0.29%↑, 獨 0.27%↓",1
연준 의장 `파월` 바꾸면 달라질까…기승전인플레 [증시전망대],1
[유럽개장]혼조세 출발… 佛 0.17% ↑,1
[마켓뷰] 코스피 3224.23 강보합 마감,1
"[마켓뷰] 코스피, 기관 매도세에 하루 만에 반락···사상 최고치 경신 실패",1
"[Asia마감]""미국 물가 발표 지켜보자""",1
[유럽개장]장 초반 혼조세…英 0.32%↑,1
[유럽개장]장 초반 혼조세…英 0.49%↑,1
[유럽개장] 상승세 출발…英 0.32%↑,1
[유럽개장] 장초반 상승세…英 0.21%↑,1
[Asia마감] 美 금리인상 신호에도…충격 덜했다,1
"[마켓뷰] 코스피, 3240선으로 밀려…외인·기관 2조 가량 순매도",1
[클릭! 해외증시 이 종목] 성장주 부진에도 '라이다'에 주목한 월가,1
[유럽개장]장 초반 혼조세…英 0.11%↑,1
[유럽개장]장 초반 상승세…英 0.22%↑,1
[유럽개장]주요국 증시 초반 상승세…英 0.41%↑,1
[유럽개장] 주요국 증시 초반 상승세...英 0.28%↑,1
[마켓뷰] 코스닥 사흘째 신고가 경신... 코스피 0.35% 상승,1
[유럽개장] 상승세로 출발…英 FTSE 0.50%↑,1
[Asia마감]美 따라 일제 상승…닛케이 2.25%↑,1
[유럽개장] 주요국 증시 약세…英 0.60%↓,1
"[마켓뷰] 코스피, 국내 코로나 신규 확진자 최대에 하락…반등 실패",1
[Asia마감] 中·대만·홍콩 상승…日 휴장,1
[시황종합]'미중 갈등 우려' 코스피 0.9%↓ 3220선…코스닥 0.75%↓,1
[유럽개장]장 초반 하락세…英 FTSE 0.71%↓,1
[유럽개장] 상승세 출발…英 0.20%↑,1
"[마켓뷰] 코스피, 외국인·기관 ‘팔자’에 1.24% 급락···3200선 방어도 위태",1
[유럽개장] 상승세 출발…英 0.89%↑,1
[유럽개장] 동반 보합세...英 0.30%↑,1
[유럽개장]주요국 증시 장 초반 약세…獨·佛  ↓,1
[유럽개장]주요국 증시 장 초반 약세…英·獨 하락,1
[유럽개장]장 초반 일제히 상승세…英FTSE 0.32%↑,1
[유럽개장] 주요증시 장 초반 상승세…獨 0.21%↑,1
[유럽개장] 주요증시 장 초반 상승세…英0.14%↑,1
"[Asia마감] ""금리인상 멀다"" 파월 발언에 상승",1
"[마켓뷰] 코스피 1.75% 상승… 외국인, 반년 만에 1조원어치 사들여",1
[유럽개장] 장 초반 일제히 소폭 상승세로 출발…英 0.02%↑,1
[유럽개장] 혼조 출발…獨 0.09%↑,1
[시황종합]'네 마녀의 날' 코스피 1.5%↓ 3110선…카카오 또 7%↓,1
[마켓뷰] 코스피 3100선 지키며 상승 마감···개인 4일 연속 순매수,1
[유럽개장] 상승세 출발…英 0.48%↑,1
[유럽개장] 장초반 혼조세…英佛 하락·獨 상승,1
[유럽개장]일제히 상승세 출발…英 0.46%↑,1
[유럽개장]장 초반 일제히 하락…佛CAC 0.71%↓,1
"[마켓뷰] 코스피, 미 금리 인상 우려에  1.22% 하락…3060선으로 밀려",1
[유럽개장] 커지는 인플레이션 우려…1%대 하락세,1
[클릭! 해외증시 이 종목] '디지털 결제' 페이팔 부진 털고 다시 뛸까,1
"[마켓뷰] 2900선까지 내렸던 코스피, 기관 덕 1% 반등",1
[유럽개장]장 초반 일제히 상승세…英FTSE 0.58%↑,1
[Asia마감] 중국 경제 전망 냉각에 증시 하락,1
[유럽개장] 장초반 주요증시 하락세…英 0.38%↓·佛 0.43%↓,1
"[Asia마감]급한 불 끈 헝다, 안도하는 시장",1
[유럽개장]장 초반 혼조세…英 FTSE 0.36%↑,1
[유럽개장] 장 초반 일제히 하락세…英 0.19%↓,1
[마켓뷰]코스피 소폭 상승 마감…금리 인상에 개인 ‘매도세’,1
[유럽개장] 혼조세 출발…佛오르고 英·獨내려,1
[마켓뷰] 코스피 외국인·기관 매도에 하락 마감… 코스닥은 ‘천스닥’,1
[유럽개장] 장 초반 혼조세로 출발,1
[유럽개장]장초반 혼조세…DAX 0.08↑·FTSE 0.53%↓,1
"[마켓뷰] 코스피, 기관·외국인 매도세에 하락…인플레이션 우려",1
[유럽개장] 장 초반 상승세…英 0.37%↑,1
[유럽개장] 장 초반 하락세…英 0.96% ↓,1
"[마켓뷰] 코스피 60p 상승, 2900선 회복엔 실패...“오미크론 리스크 여전”",1
[유럽개장] 일제히 하락 출발… 유로스톡스50 1.39%↓,1
"[마감시황]코스피, 외인 매수 전환에 0.78%↑",1
[유럽개장]장 초반 일제히 상승세…英 0.71% ↑,1
[유럽개장] 일제히 상승세로 출발…英 0.78%↑,1
[유럽개장]장 초반 혼조세..英 0.33%↑,1
"[클릭! 해외증시 이 종목] 한달새 20% 떨어진 리비언, 월가선 ""사라""",1
[유럽개장]장 초반 혼조세…英 FTSE 0.12%↓,1
[유럽개장] 일제히 상승세 출발…英 FTSE 1.12%↑,1
[유럽개장]장 초반 일제히 하락세…英 1.77% ↓,1
"[클릭! 해외증시 이 종목] 화이자, 백신 매출 늘고 치료제 개발도 기대",1
[유럽개장]장 초반 혼조세…英 0.17%↓,1
[유럽개장] 장초반 일제히 상승세…英 FTSE 0.13%↑,1
[Asia마감] 오미크론 경계감에…日·中 동반 하락,1
[유럽개장] 장 초반 혼조세…英 0.12%↓,1
[유럽개장] 하락 출발…英FTSE 1.13%↓,1
[Asia마감]중화권 일제히 상승…日은 휴장,1
[유럽개장] 일제히 강보합… 유로스톡스50 0.98% ↑,1
장 열리자 마자 '팔자' 쏟아지더니…日 2.8% 대폭락[Asia 마감],1
[유럽개장] 일제히 하락 개장…英 1.14%↓,1
[유럽개장] 장초반 약세…獨 0.88%↓,1
[유럽개장] 유럽증시 혼조세 출발…독일 DAX 0.27%↓,1
[유럽개장]유럽증시 상승세 출발…英 0.23%↑,1
[유럽개장]장초반 상승세…英 0.76%↑,1
[유럽개장] 장초반 상승세로 시작…英 0.36%↑,1
[유럽개장] 상승 출발…英FTSE 0.88%↑,1
[유럽개장] 혼조세 출발…英 0.02%↓,1
[유럽개장] '우크라이나 사태' 영향 일제히 급락,1
[유럽개장] 러 우크라 침공 여파에 3∼4% 급락세 출발,1
[유럽개장] 일제히 상승 출발…英 FTSE 1.39%↑,1
[유럽개장]장 초반 하락세…獨 0.35% ↓,1
[유럽개장] 우크라 경계감 속 소폭 반등...英 지수는 하락,1
[유럽개장]장 초반 일제히 하락세…英 1% 이상 ↓,1
[유럽개장] 장 초반 일제히 2% 급등세…獨 2.53%↑,1
[유럽개장] 장초반 상승세…英 0.41%↑,1
[Asia마감]'우크라 위기' 장기화 조짐에 다시 불안감,1
[유럽개장]초반 상승세…독일 DAX 0.89%↑,1
[유럽개장] 우크라 종전 기대감…유로스톡스 1.38% ↑,1
[유럽개장] 일제히 강세… 佛 CAC40 1.68% ↑,1
[유럽개장]장 초반 하락세…獨 1.29%↓,1
"[마켓뷰] 코스피·코스닥 나란히 하락…인플레 우려, 러·우 평화 협상 교착 영향",1
"[마켓뷰] 코스피, 외국인 매도세에 급락…2700선 붕괴",1
[마켓뷰] 外人·기관 동반 매도에 2660선까지 밀린 코스피…삼성전자는 4거래일 연속 ‘신저가’,1
[마켓뷰] 코스피 하락 마감···외국인 9거래일 연속 매도,1
"[마켓뷰] 코스피, 2710선 회복…기관 매수 영향",1
[마켓뷰]코스피 약보합 마감…기관 매도 영향,1
[유럽개장] 하락 출발…英FTSE 2.03%↓,1
[Asia마감] 중국 2%대 '깜짝 반등',1
[마켓뷰] 코스피 상승·코스닥 하락 마감…美 증시 하락세 완화 영향,1
[Asia마감] 中·日 휴장…차익실현 매도 나온 홍콩증시,1
"""눈 뜨기 무섭다"" 쏟아진 매도…日·홍콩도 2개월만에 최저[Asia 마감]",1
[유럽개장] 장 초반 약세…獨 0.52%↓,1
[Asia마감]中 빅테크 기지개 켜나…홍콩 3%대 급등,1
[Asia마감]美 따라 녹아내렸다…일본·홍콩 급락,1
[유럽개장] 장 초반 상승세…英 FTSE 1.54% ↑,1
"수치가 저런데…듣지 않은 中부양책 약발, 2.41% 뚝↓ [Asia마감]",1
"""우한 때보다 나쁘다""는 中총리 말에도 증시 왜 올랐나 [Asia마감]",1
[유럽증시]일제히 상승세…독일 DAX0.72%↑,1
[Asia마감]'인플레 정점' 기대감에…美 따라 급등,1
